Year2526,Class_in,Ethnic Marker,Census Race_1,Census Race_2,Census Race_3,Census Race_4,Census Race_5,Census Race_6,Census Race_7,Census Race_8,Census Race_9,Census Race_10,Census Race_11,Census Race_12,Census Race_13,Census Race_14,Someotherrace,Race_ethnicity_1,Race_ethnicity_2,Race_ethnicity_3,Race_ethnicity_4,Race_ethnicity_5,Race_ethnicity_6,Race_ethnicity_7,StreetRace,Identity,Identity_13_TEXT,Crime_latino,Crime_immigrant,Finance,Trump matrix_1,Trump matrix_2,Trump matrix_3,Trump matrix_4,Trump matrix_5,Latinos,Blacks,Whites,Immigrants,TrumpBiden_1,TrumpBiden_2,TrumpBiden_3,TrumpBiden_4,Institutions_1,Institutions_2,Institutions_3,Institutions_4,Institutions_5,Institutions_6,Attention,AttentionPersonal
0,2,,,,,,,,,,,,,,,,,,1,,,,,,1,11,,,5,4,2,1,1,2,2,,,1,,0,40,40,0,30,30,39,0,0,0,2,3
0,2,,,,,,,,,,,,,,,,,1,,,,,,,1,1,,,5,2,2,2,2,2,2,,,1,5,0,,50,0,31,50,50,0,71,0,2,4
0,1,1,1,,,,,,,,,,,,,,,,,,,,,,1,1,,,4,3,2,1,2,2,2,,4,,4,0,71,83,0,29,40,57,0,60,22,3,3
0,2,,,,,,,,,,,,,,,,,1,1,,,,,,1,10,,,5,1,2,1,1,2,1,,5,,5,0,,70,0,30,20,,0,40,0,2,5
0,3,1,,,,,,1,,,,,,,,,,,,,,,,,2,1,,,3,2,2,1,2,2,2,5,,,5,9,21,30,40,60,,,6,79,24,3,3
0,2,1,,,,,,,,,,,,,,1,Middle Eastern,,,,,,,,6,1,,5,,2,2,2,2,2,2,,,1,4,20,30,40,30,50,10,49,10,30,28,3,4
0,2,,,,,,,,,,,,,,,,,,,,,,1,,1,1,,,2,1,2,3,2,2,2,3,,,3,,,,,,,,,,,3,3
0,1,,,,,,,,,,,,,,,,,1,,,1,,,,2,1,,,4,5,2,2,2,2,2,,,5,4,38,16,27,43,32,32,28,28,16,35,3,2
0,1,1,1,,,,,,,,,,,,,,,,,,,,,,1,1,,,5,4,2,1,1,2,1,5,,,5,5,56,63,0,3,5,,0,43,20,3,4
0,1,1,,,,,,1,,,,,,,,,,,,,,,,,6,1,,,5,2,1,1,1,2,1,,,2,4,0,53,92,7,,39,70,0,81,20,,5
0,1,1,,,,,,1,,,,,,,,,,,,,,,,,4,1,,1,,1,2,3,2,2,3,,2,,2,82,0,8,77,80,44,18,91,5,96,2,4
0,1,3,,,,,,,,,,,,,,1,,,,,,,,,2,4,,,5,4,1,1,2,2,2,,,1,5,0,70,100,0,0,0,0,0,100,0,3,3
0,2,2,,,,,,,,,,,,,,1,hispanic ,,,,,,,,1,6,,5,,2,2,1,1,2,2,5,,,5,0,,,0,23,33,32,0,73,0,3,4
0,3,1,,,,,,,,,,,,,,1,Central Asian ,,,,,,,,6,1,,4,,1,2,2,2,2,2,,4,,5,,,,,,,,,,,3,2
0,1,1,,,,1,,,,,,,,,,,,,,,,,,,4,1,,,4,2,2,2,2,2,2,,2,,4,,,,,20,,,10,30,,2,2
0,1,,,,,,,,,,,,,,,,,,1,,,,,,2,9,,5,,1,3,1,2,3,3,,5,,5,0,50,,0,5,26,25,0,25,10,2,5
0,1,,,,,,,,,,,,,,,,,1,,,,,,,1,1,,,4,3,2,2,2,2,2,,,2,2,72,0,27,56,,,,18,26,74,2,2
0,1,1,,,,1,,,1,,,,,,,,,,,,,,,,4,1,,3,,2,3,2,2,2,2,3,,,3,45,75,61,16,43,24,,0,31,25,2,2
0,1,1,1,,,,,,,,,,,,,,,,,,,,,,1,1,,,4,1,2,2,2,2,2,,2,,2,57,10,14,61,90,5,,34,14,10,3,4
0,1,1,,,,,,1,,,,,,,,,,,,,,,,,6,1,,5,,2,3,1,1,2,1,5,,,5,0,65,70,0,20,16,60,0,40,10,3,5
0,1,,,,,,,,,,,,,,,,,,1,,,,,,2,10,,,5,2,2,2,2,2,2,,4,,5,0,50,80,0,40,40,,0,70,0,2,5
0,1,1,1,,,,,,,,,,,,,,,,,,,,,,1,1,,,2,1,2,2,2,2,2,,3,,3,40,54,53,38,70,62,59,35,45,52,2,4
0,2,2,,,,,,,,,,,,,,,,,,,,,,,2,13,Latino/Chicano/sometimes Tejano,4,,2,2,2,2,2,2,4,,,5,1,10,7,7,50,20,50,10,25,25,2,3
0,2,,,,,,,,,,,,,,,,,,,,1,,,,4,1,,,4,3,2,2,2,2,2,3,,,3,25,25,25,25,50,40,45,20,30,40,2,4
0,2,2,,,,,,,,,,,,,,1,Mexican,,,,,,,,2,10,,,5,3,1,1,1,1,3,,5,,5,0,75,100,0,40,,90,0,80,0,3,5
0,1,,,,,,,,,,,,,,,,,1,1,,,,,,1,10,,5,,2,2,2,2,2,2,,3,,4,1,25,35,5,70,40,,0,25,16,2,2
0,1,2,1,,,,,,,,,,,,,,,,,,,,,,1,6,,5,,3,1,1,1,1,2,,,1,5,0,83,85,0,,,,0,,8,3,3
0,1,,,,,,,,,,,,,,,,,,,,1,,,,4,1,,,4,2,2,1,2,2,1,,5,,4,0,81,90,20,66,70,61,0,76,27,4,5
0,1,1,1,,,,,,,,,,,,,,,,,,,,,,1,1,,5,,3,3,2,2,2,3,3,,,3,12,70,75,20,,70,55,11,65,30,2,3
0,1,,,,,,,,,,,,,,,,,1,,,,,,,1,1,,5,,4,1,3,3,2,3,5,,,5,0,10,10,1,0,1,15,0,10,0,2,5
0,1,,,,,,,,,,,,,,,,,1,,,,,,,1,1,,5,,2,2,1,1,1,2,,5,,5,0,20,40,0,0,5,20,0,0,0,2,3
0,1,2,1,,,,,,,,,,,,,,,,,,,,,,1,10,,5,,2,2,1,2,2,1,,,2,5,0,45,90,15,15,40,,0,40,39,2,4
0,1,1,,,,,,,,1,,,,,,,,,,,,,,,4,,,,3,1,2,2,2,2,2,,,2,3,,,,,,,,,,,3,1
0,1,,,,,,,,,,,,,,,,,1,,,,,,,1,1,,5,,2,2,2,2,2,2,4,,,5,5,30,30,5,5,5,30,5,30,5,3,4
0,1,,,,,,,,,,,,,,,,,,,,1,,,,4,1,,,4,2,2,1,1,2,2,,,2,3,31,,67,37,67,61,61,41,74,,2,3
0,1,,,,,,,,,,,,,,,,,,1,,1,,,,1,10,,,5,2,1,1,2,2,2,,,2,5,15,40,60,10,35,25,55,5,50,5,3,5
0,1,1,,,,,,1,,,,,,,,,,,,,,,,,4,1,,,5,4,2,1,2,2,2,3,,,5,0,10,13,0,10,0,40,0,5,0,2,5
0,1,,,,,,,,,,,,,,,,,1,,,,,,,1,1,,5,,4,3,2,2,3,2,,1,,2,45,30,40,70,70,64,45,55,35,65,2,3
0,1,,,,,,,,,,,,,,,,,1,1,,,,,,1,11,,,5,2,2,1,2,2,3,,,2,5,0,65,60,18,60,30,70,0,45,35,2,4
0,2,3,,,,,,,,,,,,,,1,Hispanic ,,,,,,,,2,4,,5,,1,2,1,2,2,1,5,,,5,0,89,93,0,35,36,72,0,90,0,4,5
0,1,,,,,,,,,,,,,,,,,1,1,,,,,,2,10,,,3,2,2,2,2,2,2,,2,,4,72,,,82,,,,63,,85,1,3
0,1,3,,,,,,,,,,,,,,1,Latinx/Hispanic,,,,,,,,2,11,,4,,1,1,1,1,1,1,,,1,5,0,50,90,20,40,50,80,0,80,0,3,3
0,1,,,,,,,,,,,,,,,,,,,,1,,,,4,1,,4,,4,3,1,2,2,1,,,2,5,0,60,75,1,40,20,60,0,55,0,3,4
0,1,1,1,1,,,,,,,,,,,,,,,,,,,,,3,1,,,5,2,1,1,1,1,1,,,1,5,0,22,88,0,6,19,,0,29,0,2,5
0,2,,,,,,,,,,,,,,,,,1,1,,,,,,1,1,,,4,2,1,1,1,1,2,,4,,5,0,70,85,0,30,50,50,0,75,25,2,4
0,1,1,,,,1,,,,,,,,,,,,,,,,,,,4,1,,3,,3,2,1,2,2,2,,,3,3,,,,,,50,50,50,50,50,3,3
0,2,,,,,,,,,,,,,,,,,1,,,,,,,1,1,,,4,3,2,2,2,2,2,4,,,,0,57,60,0,37,42,48,0,76,19,2,5
0,2,3,1,,,,,,,,,,,,,1,"Aztec, Mayan",,,,,,,,2,4,,,5,1,2,1,1,2,1,,,1,5,0,40,30,0,20,30,30,0,100,0,2,4
0,1,,,,,,,,,,,,,,,,,1,,,,,,,1,1,,5,,2,2,1,1,2,2,,4,,4,0,35,70,0,0,0,,0,0,0,2,4
0,1,,,,,,,,,,,,,,,,,,1,1,1,1,,,4,10,,5,,5,2,2,2,2,2,,3,,5,45,82,71,,,,,10,,,3,2
0,1,,,,,,,,,,,,,,,,,,1,,,,,,2,10,,5,,3,2,1,2,2,3,5,,,5,0,74,100,0,0,0,50,0,0,0,2,3
0,1,,,,,,,,,,,,,,,,,,1,,,,,,2,4,,5,,1,1,2,1,2,2,,3,,4,0,70,95,0,35,55,60,0,75,25,2,3
0,1,3,,,,,,,,,,,,,,,,,,,,,,,2,4,,,4,2,1,1,1,1,2,4,,,4,0,66,67,25,31,31,,0,63,15,4,3
0,1,,,,,,,,,,,,,,,,,1,,1,,1,,,2,1,,5,,3,2,1,2,2,1,,5,,5,0,85,90,0,30,,,0,85,25,3,5
0,1,1,1,,,,,,,,,,,,,,,,,,,,,,1,1,,,5,2,2,2,2,2,2,,4,,5,0,50,40,0,5,10,,0,30,0,2,4
0,1,1,1,,,,,,,,,,,,,,,,,,,,,,1,1,,5,,3,2,1,2,1,2,,,1,5,0,84,73,0,15,19,24,0,80,13,3,4
0,2,,,,,,,,,,,,,,,,,,1,,,,,,2,9,,5,,5,2,1,2,2,1,,,2,5,0,30,30,0,45,30,,0,35,5,3,5
0,1,,,,,,,,,,,,,,,,,1,,,,,,,2,1,,4,,2,2,1,1,1,1,,,1,5,0,66,78,0,53,63,65,0,73,31,3,5
0,1,,,,,,,,,,,,,,,,,,,,,,1,,4,1,,,2,1,3,3,3,3,3,,,2,3,95,82,79,86,87,83,85,100,85,79,4,4
0,1,,,,,,,,,,,,,,,,,,1,,,,,,2,10,,4,,2,2,1,1,2,2,,4,,5,0,76,92,0,24,31,63,0,91,14,2,5
0,1,,,,,,,,,,,,,,,,,1,1,,,,,,1,11,,,5,3,2,2,2,2,2,4,,,4,0,28,33,0,7,13,83,0,20,0,2,5
0,2,,,,,,,,,,,,,,,,,,1,,,,,,2,10,,,5,2,2,1,2,2,2,4,,,5,5,20,20,,40,45,,0,20,10,2,3
0,1,3,1,,,,,,,,,,,,,,,,,,,,,,1,4,,5,,2,2,1,1,2,2,,,1,5,0,78,90,0,65,42,60,0,68,20,2,4
0,1,,,,,,,,,,,,,,,,,,,,,,1,,6,1,,,5,1,3,1,1,1,3,3,,,4,10,20,20,5,40,10,60,0,21,10,2,4
0,2,2,1,,,,,,,,,,,,,,,,,,,,,,2,9,,4,,4,1,1,1,1,3,,4,,5,0,40,70,0,35,35,45,0,85,0,4,3
0,1,,,,,,,,,,,,,,,,,1,,,,,,,1,1,,5,,3,2,2,2,2,2,,3,,3,0,85,90,5,33,20,80,0,70,20,2,3
0,1,3,1,,,,,,,,,,,,,,,,,,,,,,1,6,,,5,2,2,1,2,2,2,,,1,5,0,85,70,5,10,30,65,0,80,0,1,5
0,1,1,1,,,,,,,,,,,,,,,,,,,,,,1,1,,4,,3,2,1,1,2,2,,,4,5,0,80,90,0,20,50,75,0,70,0,3,3
0,2,3,,,,,1,,,,,,,,,,,,,,,,,,2,4,,,5,1,2,1,1,2,1,,,2,5,0,60,80,0,10,15,,0,60,20,3,5
0,1,,,,,,,,,,,,,,,,,,1,,,,,,1,6,,3,,3,2,1,2,1,2,,4,,5,10,20,30,20,35,35,,5,24,25,3,3
0,1,,,,,,,,,,,,,,,,,,,,1,,,,4,1,,,5,3,2,1,1,2,2,,3,,3,0,85,85,8,45,40,80,0,100,0,2,3
0,1,1,1,,,,,,,,,,,,,1,Thai and French ,,,,,,,,4,1,,5,,2,2,2,2,2,2,,3,,5,50,50,50,50,50,50,50,50,50,50,3,4
0,1,,,,,,,,,,,,,,,,,,,,1,,,,4,,,,5,4,2,1,2,2,2,3,,,3,36,64,71,24,37,28,22,4,47,29,2,2
0,1,1,,,,1,,,,,,,,,,,,,,,,,,,4,1,,4,,2,2,2,2,2,2,,2,,2,30,50,50,50,78,59,50,50,50,50,3,3
0,2,,,,,,,,,,,,,,,,,1,,,,,,,1,1,,5,,2,1,1,1,1,1,5,,,5,0,69,64,5,23,28,47,0,60,6,2,4
0,1,,,,,,,,,,,,,,,,,,1,,,,,,2,10,,5,,2,2,1,1,1,1,4,,,4,13,69,69,17,12,17,50,3,55,13,2,3
0,1,2,,1,,,,,,,,,,,,,,,,,,,,,3,10,,,5,1,2,1,2,2,2,,4,,4,0,25,27,15,30,15,,0,60,60,2,4
0,1,1,,,,,,,,,,,,,,1,middle eastern,,,,,,,,2,1,,4,,2,2,2,2,2,2,,4,,4,32,31,59,32,,,,27,,50,4,2
0,2,,,,,,,,,,,,,,,,,,1,,,,,,2,11,,,5,2,2,2,2,2,2,,4,,5,0,79,87,10,7,,,0,90,68,3,5
0,1,1,,,,,,,,,,,,,,1,"Central Asian, from Afghanistan",,,,,,,,2,1,,,4,1,1,1,1,1,1,,,3,5,,,,,,,,,,,2,2
0,1,1,1,,,,,,,,,,,,,,,,,,,,,,1,1,,,5,4,3,2,3,2,2,3,,,4,25,81,81,6,33,38,50,0,26,25,3,3
0,1,1,1,,,,,,,,,,,,,,,,,,,,,,1,,,5,,3,2,2,2,2,2,2,,,3,20,65,65,,85,60,60,20,40,30,3,2
0,1,,,,,,,,,,,,,,,,,1,,,,,,,1,1,,,5,1,3,2,1,2,1,,4,,5,0,,65,0,15,20,50,0,25,0,2,2
0,1,,,,,,,,,,,,,,,,,,1,,,,,,6,10,,,5,1,2,1,2,2,1,,4,,4,0,70,90,0,20,40,70,0,75,0,1,3
0,1,,,,,,,,,,,,,,,,,1,1,,,,,,1,10,,,5,2,2,2,2,2,2,4,,,4,50,,,,,,,,,,4,2
0,1,3,,,,,,,,,,,,,,1,,,,,,,,,2,4,,5,,2,2,2,1,2,2,,,1,5,0,85,100,0,49,,,0,100,0,4,4
0,1,1,,,,,,,,,,,,,,1,Afghan,,,,,,,,6,1,,,5,3,3,2,1,3,2,,,2,4,18,68,64,10,59,33,62,10,75,11,2,2
0,2,,,,,,,,,,,,,,,,,1,,,1,,,,4,1,,4,,2,2,1,1,2,1,,,2,5,1,70,70,15,50,,,1,,,2,4
0,2,,,,,,,,,,,,,,,,,,,,1,,,,2,1,,,5,1,2,1,1,1,1,,,2,5,0,40,80,0,40,70,50,0,70,30,2,4
0,2,,,,,,,,,,,,,,,,,,1,,,,,,2,5,,,5,2,1,1,2,2,3,,,1,4,0,56,56,0,34,38,,0,,15,5,5
0,1,,,,,,,,,,,,,,,,,,,,1,,,,4,1,,3,,3,2,2,1,2,2,,,1,4,20,25,25,25,22,22,39,5,22,5,3,4
0,1,,,,,,,,,,,,,,,,,,1,,,,,,2,10,,3,,2,2,1,2,2,3,,4,,5,0,45,79,0,21,18,47,0,71,17,2,4
0,1,3,1,,,,,,,,,,,,,,,,,,,,,,1,13,Spanish,,3,1,2,2,2,2,2,,3,,3,100,0,0,100,100,84,,94,23,98,2,3
0,2,,,,,,,,,,,,,,,,,,,,1,,,,7,1,,,5,2,2,1,3,1,1,4,,,4,0,66,86,18,46,,83,0,81,0,2,4
0,2,,,,,,,,,,,,,,,,,,1,,,,,,2,7,,,4,2,2,2,2,2,3,3,,,3,0,77,98,0,46,43,48,0,75,44,3,3
0,2,2,1,,,,,,,,,,,,,,,,,,,,,,1,6,,4,,2,1,1,1,1,1,3,,,4,0,0,0,0,0,0,0,0,0,0,2,4
0,2,2,,,,,,,,,,,,,,1,Mexico (hispanic).,,,,,,,,6,10,,,5,2,2,1,1,2,2,,,2,5,0,25,32,0,30,4,30,0,29,0,2,5
0,2,,,,,,,,,,,,,,,,,,1,,,,,,2,4,,,5,2,2,1,1,2,2,5,,,5,0,90,100,0,8,9,100,0,96,,4,4
0,2,,,,,,,,,,,,,,,,,,1,,,,,,1,4,,5,,2,1,1,1,1,1,,4,,5,0,26,38,0,12,10,,0,22,15,2,4
0,1,,,,,,,,,,,,,,,,,1,,,,,,,1,1,,5,,3,2,2,3,3,2,4,,,4,0,0,0,0,85,70,,0,25,75,2,4
0,1,1,1,,,,,,,,,,,,,,,,,,,,,,1,1,,5,,4,2,2,2,2,2,3,,,4,0,71,75,0,0,5,,0,70,9,3,2
0,1,,,,,,,,,,,,,,,,,,1,,,,,,2,10,,,5,2,1,1,2,1,2,5,,,5,11,80,100,41,83,73,57,0,100,0,3,4
0,1,3,,,,,,,,,,,,,,1,Hispanic?,,,,,,,,2,11,,,5,2,1,1,1,1,1,5,,,5,0,70,80,0,25,50,70,0,81,0,2,2
0,1,,,,,,,,,,,,,,,,,,,,,,1,,6,1,,5,,4,2,2,2,2,2,,,1,5,0,44,62,0,,,,,,,3,4
0,1,3,,,,,,,,,,,,,,1,,,,,,,,,4,4,,,3,4,2,2,2,2,2,3,,,4,0,0,20,0,0,0,0,0,0,0,3,3
0,2,,,,,,,,,,,,,,,,,,1,,,,,,2,10,,,5,4,2,1,2,2,3,,5,,5,0,60,60,0,25,20,,0,40,0,3,4
0,1,1,,,,,,1,,,,,,,,,,,,,,,,,4,1,,,5,2,1,2,2,2,2,,3,,3,7,73,68,5,33,55,,0,83,21,2,4
0,1,,,,,,,,,,,,,,,,,,1,,,,,,2,4,,,5,2,2,1,1,1,2,,5,,5,0,74,75,0,41,60,50,0,65,19,3,4
0,1,,,,,,,,,,,,,,,,,,1,,,,,,2,4,,,5,1,2,1,1,2,3,,5,,5,0,25,40,0,0,20,40,0,0,0,2,3
0,1,2,1,,,,,,,,,,,,,,,,,,,,,,2,10,,5,,2,1,1,1,1,1,,,1,5,0,100,100,0,15,30,88,0,92,0,2,5
0,3,,,,,,,,,,,,,,,,,,,,1,,,,4,1,,4,,4,2,1,1,2,1,,,2,4,8,45,38,12,30,50,,2,85,5,3,3
0,1,2,1,,,,,,,,,,,,,,,,,,,,,,2,10,,5,,2,2,1,2,2,2,5,,,5,0,54,77,0,26,30,59,0,33,16,3,2
0,1,,,,,,,,,,,,,,,,,,,,1,,,,4,1,,4,,2,2,2,2,2,2,,,3,4,30,30,45,40,80,65,,25,35,35,3,
0,1,,,,,,,,,,,,,,,,,,1,,,,,,2,10,,,5,2,2,1,1,2,2,,4,,5,0,30,50,30,20,31,50,0,70,10,4,2
0,2,,,,,,,,,,,,,,,,,,1,,,,,,2,9,,5,,2,2,1,1,2,1,5,,,5,0,33,80,0,21,31,18,0,70,20,2,4
0,2,,,,,,,,,,,,,,,,,,1,,,,,,2,9,,,3,1,1,1,1,1,1,5,,,5,0,46,48,0,29,24,34,0,41,17,2,2
0,2,2,1,,,,,,,,,,,,,,,,,,,,,,2,6,,5,,2,2,1,2,2,1,4,,,5,0,10,30,5,10,40,30,10,81,10,4,3
0,1,1,,,,,,1,,,,,,,,,,,,,,,,,4,1,,,4,2,1,1,2,2,2,,4,,5,16,30,60,12,,,,0,,,2,3
0,3,,,,,,,,,,,,,,,,,,,,1,,,,2,1,,,5,3,2,2,2,2,2,,4,,4,3,33,100,0,69,61,64,0,17,17,3,3
0,1,,,,,,,,,,,,,,,,,1,,,,,,,1,1,,5,,4,2,1,2,1,2,,,1,5,0,9,22,0,17,2,29,0,7,0,3,4
0,1,,,,,,,,,,,,,,,,,1,,,,1,,,1,1,,,4,2,2,3,3,3,3,2,,,3,61,59,39,99,85,95,45,10,40,86,3,4
0,1,,,,,,,,,,,,,,,,,,,,1,,,,4,1,,3,,1,2,2,2,2,2,,,2,3,88,,,89,100,100,0,100,0,,3,3
0,2,2,,,,,,,,,,,,,,1,Spanish and Indigenous origin ,,,,,,,,2,9,,,5,2,2,1,1,2,2,,5,,5,0,55,68,0,20,44,25,0,44,8,2,4
0,2,2,,,,,,,,,,,,,,1,latina,,,,,,,,2,4,,4,,2,2,1,1,1,2,4,,,5,1,37,40,1,72,53,52,0,56,24,3,3
0,2,2,,,,,,,,,,,,,,1,Spanish/Indigenous ,,,,,,,,2,9,,,5,2,2,1,1,2,1,,,1,5,0,48,68,0,25,33,25,0,68,2,4,5
0,2,,,,,,,,,,,,,,,,,,1,,,,,,2,9,,5,,2,2,2,2,2,2,,,2,5,40,,90,40,,,,,,,2,4
0,1,2,1,,,,,,,,,,,,,,,,,,,,,,1,6,,5,,1,2,1,1,1,3,5,,,5,5,70,85,10,35,35,60,0,,15,2,5
0,1,2,1,,,,,,,,,,,,,,,,,,,,,,1,10,,,3,4,2,2,2,2,2,3,,,3,10,25,25,25,25,25,24,10,25,25,4,3
0,1,1,,,,,,1,,,,,,,,,,,,,,,,,4,1,,5,,3,2,1,3,2,2,,,1,5,0,39,43,0,1,27,50,0,37,2,2,5
0,1,1,,,,,,,,1,,,,,,,,,,,,,,,4,1,,5,,4,2,1,1,2,3,,,1,5,0,,65,0,15,40,,0,,0,2,3
0,1,,,,,,,,,,,,,,,,,,1,,,,,,2,9,,,5,1,3,1,1,2,2,,5,,5,0,60,95,0,5,40,,0,50,10,2,4
0,1,2,,,,,,,,,,,,,,1,Mexican,,,,,,,,2,4,,,4,3,1,1,1,1,2,,,1,5,0,73,79,0,31,35,,0,58,0,2,4
0,1,2,1,,,,,,,,,,,,,,,,,,,,,,2,10,,,2,,3,3,3,3,3,1,,,1,80,0,0,80,87,62,0,96,0,91,1,5
0,1,,,,,,,,,,,,,,,,,,,,1,,,,4,1,,3,,3,2,1,2,2,3,3,,,4,12,67,76,45,66,31,,7,42,35,5,2
0,1,1,1,1,,1,,,,,,,,,,,,,,,,,,,3,1,,,5,4,1,1,2,2,2,,4,,5,0,40,50,10,35,10,,0,45,30,4,2
0,2,,,,,,,,,,,,,,,,,,,,1,,,,4,1,,5,,2,1,1,1,2,3,5,,,4,0,70,70,0,0,0,55,0,55,0,2,5
0,1,3,,,,,,,,,,,,,,1,I am hispanic/latina (Peruvian),,,,,,,,2,11,,2,,3,2,2,2,2,2,,,2,5,60,30,0,20,80,80,40,40,35,65,3,3
0,2,,,,,,,,,,,,,,,,,,1,,,,,,2,6,,,5,3,1,1,1,1,1,5,,,4,0,55,60,0,25,30,80,0,30,10,2,4
0,1,,,,,,,,,,,,,,,,,,,,,,1,,2,1,,,5,2,2,2,2,2,2,,4,,5,0,70,70,,,,,,,,3,3
0,1,,,,,,,,,,,,,,,,,,1,,,,,,2,4,,4,,1,1,1,1,1,1,,,3,4,0,50,81,37,20,50,50,0,50,50,2,4
0,1,1,,,,1,,,,,,,,,,,,,,,,,,,4,1,,,3,3,2,2,2,2,2,3,,,3,,,,,,,,,,,3,3
0,1,1,1,,,,,,,,,,,,,,,,,,,,,,1,1,,5,,2,2,1,2,2,2,,3,,5,0,0,0,0,0,0,,0,0,0,3,4
0,1,,,,,,,,,,,,,,,,,,,1,,,,,3,1,,5,,2,1,1,1,1,2,,,1,5,13,,,14,,,,0,,,2,3
0,1,2,,1,,,,,,,,,,,,1,Mexican ,,,,,,,,3,10,,5,,2,2,1,2,2,3,,,2,4,0,50,80,15,50,30,60,0,70,25,2,4
0,2,,,,,,,,,,,,,,,,,,1,,,,,,2,6,,,5,1,1,1,1,2,2,5,,,5,0,,91,0,32,26,53,0,71,0,5,4
0,1,,,,,,,,,,,,,,,,,,1,,,,,,2,4,,5,,4,1,1,1,2,2,,,2,4,0,,74,0,70,,,0,,11,3,2
0,2,,,,,,,,,,,,,,,,,1,1,,,,,,1,13,I have South American ancestry from my mother's side which originates from Spain.,4,,3,2,2,2,2,2,,,2,4,34,46,53,40,42,31,45,32,51,38,2,3
0,1,1,,,,,,1,,,,,,,,,,,,,,,,,4,1,,,3,4,3,2,2,1,3,3,,,3,25,50,35,35,60,45,,15,50,35,2,3
0,1,3,,,,,,,,,,,,,,1,hispanic,,,,,,,,2,6,,,5,2,1,1,1,1,2,,,1,5,0,77,95,0,0,11,43,0,77,0,4,3
0,1,,,,,,,,,,,,,,,,,,1,,,,,,2,10,,,5,1,1,1,1,1,1,5,,,5,0,80,100,0,,,100,0,100,0,1,2
0,1,2,,,,,,,,,,,,,,1,Hispanic/Latino,,,,,,,,2,10,,,5,2,2,1,2,2,3,,,2,5,0,32,69,0,43,38,,0,47,0,3,5
0,1,2,,,,,,,,,,,,,,1,European/Native American,,,,,,,,1,10,,,5,2,2,1,2,2,2,,5,,5,7,,70,10,50,55,60,20,70,30,2,4
0,1,1,,,,1,,,,,,,,,,,,,,,,,,,4,1,,,5,5,3,1,2,2,2,4,,,4,0,75,35,5,36,20,75,0,85,10,1,5
0,1,,,,,,,,,,,,,,,,,,,,1,,,,4,1,,,3,2,2,2,1,2,2,,5,,5,0,0,0,0,53,14,47,0,85,0,2,3
0,1,2,1,,,,,,,,,,,,,,,,,,,,,,2,9,,,5,2,2,1,2,2,2,5,,,5,0,71,85,0,30,,,0,75,25,3,4
0,1,2,,,,,,,,,,,,,,1,Hispanic,,,,,,,,2,5,,5,,2,2,1,1,2,2,,4,,4,8,59,69,11,32,44,51,5,56,8,2,4
0,1,,,,,,,,,,,,,,,,,1,,,,,,,1,1,,,5,3,2,1,2,2,1,5,,,5,0,66,85,0,25,25,50,0,40,10,3,5
0,1,1,,,,,,1,,,,,,,,,,,,,,,,,2,1,,,5,3,2,1,1,1,2,,,2,5,9,75,89,15,38,51,65,1,71,29,2,3
0,1,,,,,,,,,,,,,,,,,,1,,,,,,2,10,,5,,2,2,1,2,1,2,,5,,5,11,29,,16,30,31,47,7,43,21,2,3
0,1,1,,,,,1,,,,,,,,,,,,,,,,,,2,1,,,4,4,3,2,2,2,2,,,5,5,45,51,70,60,50,45,51,30,55,45,2,4
0,2,,,,,,,,,,,,,,,,,,1,,,,,,2,9,,3,,2,2,2,2,2,2,5,,,5,0,95,95,0,50,50,50,0,95,0,3,3
0,1,3,1,,,,,,,,,,,,,1,Mixed Race (White and Peruvian Indigenous),,,,,,,,2,4,,5,,2,2,1,2,2,2,,,1,4,0,80,90,24,24,20,50,0,70,0,2,5
0,2,,,,,,,,,,,,,,,,,,1,,,,,,2,2,,4,,4,1,1,1,1,3,,4,,5,3,50,69,21,48,50,50,0,70,35,,3
0,1,,,,,,,,,,,,,,,,,,1,,,,,,2,4,,5,,2,2,1,1,1,2,,,2,5,0,75,88,0,43,48,54,0,81,23,3,3
0,1,1,1,,,,,,,,,,,,,1,Kazakh,,,,,,,,4,1,,,5,3,2,1,1,2,2,,,1,5,0,65,72,0,31,24,36,0,47,17,2,4
0,1,1,1,,,,,,,,,,,,,,,,,,,,,,1,13,White ,5,,2,2,1,1,2,1,,5,,4,0,90,100,0,28,36,39,0,100,0,2,3
0,2,2,,,,,,,,,,,,,,1,Mexican ,,,,,,,,2,10,,5,,2,1,1,1,2,2,,,1,5,0,96,90,0,18,9,27,0,95,0,3,5
0,1,,,,,,,,,,,,,,,,,1,,,,1,,,1,1,,3,,3,2,2,2,2,2,,3,,,,,,,,,,24,22,24,2,3
0,2,,,,,,,,,,,,,,,,,,1,,,,,,2,10,,,5,2,2,1,1,2,1,,,1,5,0,80,91,0,30,41,43,0,75,0,2,5
0,1,1,,,,1,,,1,,,,,,,,,,,,,,,,4,1,,4,,3,2,1,1,2,2,,,2,5,0,70,75,0,21,11,96,0,100,8,2,3
0,2,,,,,,,,,,,,,,,,,1,1,,,,,,1,4,,5,,3,2,1,2,2,3,,5,,5,0,60,75,0,20,30,65,1,75,50,2,3
0,1,,,,,,,,,,,,,,,,,1,1,,,,,,1,10,,5,,2,3,2,3,2,3,3,,,4,75,40,5,70,50,45,52,35,30,40,1,3
0,1,,,,,,,,,,,,,,,,,,,,1,,,,4,1,,4,,1,2,2,2,2,2,,,2,4,11,73,79,13,45,72,74,17,84,,3,5
0,2,,,,,,,,,,,,,,,,,,1,,,,,,2,4,,,4,1,2,2,2,2,2,,5,,5,30,,80,23,,,,51,,,2,
0,2,2,,,,,,,,,,,,,,1,Mexican,,,,,,,,2,10,,5,,4,2,2,2,2,2,5,,,5,7,,,1,,,,0,,0,3,4
0,1,2,,,,,,,,,,,,,,1,"Hispanic
",,,,,,,,2,6,,,5,1,2,1,1,2,3,,,1,4,0,62,12,0,,,,0,70,40,2,3
0,1,1,1,,,,,,,,,,,,,,,,,,,,,,1,1,,,5,2,2,2,2,2,2,,4,,5,10,38,35,25,49,62,50,0,29,9,2,4
0,1,2,,,,,,,,,,,,,,1,"I wouldn’t say I’m “White” , because my skin is brown. Although Mexican/Latino isn’t a race , I am more Native looking than I am White. I would rather have the option of Mestizo. ",,,,,,,,2,12,,,5,2,2,1,1,2,3,,,3,5,0,40,80,0,33,43,95,0,79,51,2,5
0,1,1,1,,,,,,,,,,,,,,,,,,,,,,1,1,,,5,4,2,1,2,2,2,,,1,5,5,60,75,10,15,35,70,0,80,25,2,4
0,2,,,,,,,,,,,,,,,,,,,,1,,,,4,1,,,1,1,2,1,3,3,2,3,,,3,13,17,6,10,21,6,21,17,18,26,1,2
0,2,,,,,,,,,,,,,,,,,1,1,,,,,,1,13,Mixed (Dad is Salvadoran Mom is White),5,,3,2,1,1,2,2,4,,,4,0,44,47,0,39,,,0,68,27,4,3
0,1,,,,,,,,,,,,,,,,,,,,1,,,,4,11,,3,,3,1,1,1,1,1,,,3,3,29,,28,0,10,14,,0,25,7,1,3
0,1,,,,,,,,,,,,,,,,,,,,1,,,,6,1,,,5,1,2,1,2,2,2,,4,,4,0,0,0,0,19,32,50,0,19,8,2,
0,1,1,,,,1,,,,,,,,,,,,,,,,,,,4,1,,3,,2,2,2,2,2,2,,4,,4,40,75,70,15,25,30,,0,,50,2,4
0,2,,,,,,,,,,,,,,,,,,1,,,,,,2,10,,,5,2,2,1,2,2,3,5,,,4,0,40,73,13,10,34,59,0,52,24,2,4
0,2,,,,,,,,,,,,,,,,,,1,,,,,,1,10,,,4,2,2,1,1,2,2,4,,,4,20,70,70,0,35,20,50,0,,7,4,3
0,1,,,,,,,,,,,,,,,,,,,,1,,,,4,1,,5,,4,2,2,2,2,2,,,2,2,0,31,31,16,39,28,50,0,31,16,1,2
0,1,2,,,,,,,,,,,,,,1,Hispanic,,,,,,,,2,3,,5,,1,2,1,2,2,2,,,3,5,0,40,40,0,40,40,,0,,,2,3
0,2,,,,,,,,,,,,,,,,,1,,,,,,,1,1,,5,,3,2,1,1,2,3,,4,,5,0,75,75,0,31,31,,0,60,16,2,3
0,2,,,,,,,,,,,,,,,,,,1,,,,,,2,10,,5,,2,1,1,1,1,1,,5,,5,0,0,2,0,0,0,15,0,0,0,2,4
0,1,1,,,,1,,,,,,,,,,,,,,,,,,,4,1,,3,,3,2,2,2,2,2,,,1,3,,,30,15,40,,,35,,,3,2
0,1,1,1,,,,,,,,,,,,,,,,,,,,,,1,1,,,5,2,2,1,2,1,2,,,1,4,0,30,30,0,35,40,,0,40,6,2,3
0,2,1,1,,,,,,,,,,,,,,,,,,,,,,1,1,,,5,3,,,2,,,2,,,3,38,52,48,38,42,51,50,28,53,48,3,3
0,1,,,,,,,,,,,,,,,,,,,,,,1,,4,1,,5,,1,1,2,2,2,2,4,,,5,40,55,40,45,60,30,35,21,39,40,3,3
0,1,2,,,,,,,,,,,,,,1,,,,,,,,,2,3,,5,,5,2,2,2,2,2,4,,,4,10,,31,12,,,73,14,,74,1,3
0,3,3,,,,,,,,,,,,,,1,Puerto Rican and Peruvian,,,,,,,,2,13,"Latino, Hispanic, and country of origin",,5,2,2,2,2,2,2,,5,,5,0,0,0,0,15,25,30,0,0,0,3,2
0,1,2,,,,,,,,,,,,,,1,Mexican ,,,,,,,,2,10,,5,,2,1,1,1,1,2,,,2,5,0,100,100,0,100,100,100,0,68,0,4,2
0,1,3,1,,,,,,,,,,,,,,,,,,,,,,1,6,,,5,3,2,1,1,1,1,,5,,5,0,85,92,0,0,43,,0,82,0,2,4
0,1,2,,,,,,,,,,,,,,1,,,,,,,,,2,4,,5,,2,2,1,1,1,1,5,,,5,0,81,100,2,15,,,0,96,0,3,5
0,1,,,,,,,,,,,,,,,,,,,,1,,,,4,1,,1,,1,3,3,3,3,3,,2,,2,100,0,0,100,91,77,19,91,0,100,3,5
0,1,,,,,,,,,,,,,,,,,,,,1,,,,4,1,,5,,5,2,1,1,1,3,5,,,5,0,86,100,0,,,,0,100,0,3,2
0,1,,,,,,,,,,,,,,,,,1,,,1,,,,1,1,,5,,2,2,2,2,2,2,3,,,4,10,40,25,35,0,60,60,40,40,30,2,4
0,1,2,,,,,,,,,,,,,,1,Indigenous Mexican,,,,,,,,2,10,,5,,1,2,2,2,2,3,4,,,4,3,40,44,8,46,35,48,0,55,12,2,4
0,1,,,,,,,,,,,,,,,,,,1,,,,,,1,4,,4,,4,2,2,2,2,2,,3,,4,17,68,61,13,53,63,52,20,54,55,3,4
0,1,2,,,,,,,,,,,,,,1,"brown/native american
",,,,,,,,2,3,,,5,3,2,1,1,1,2,,5,,5,0,70,100,0,40,59,75,0,69,29,3,5
0,1,,,,,,,,,,,,,,,,,1,,,,,,,1,1,,,5,2,2,1,1,1,1,,,1,5,0,15,25,0,0,20,,0,0,0,2,5
0,1,,,,,,,,,,,,,,,,,,,,1,,,,2,13,Filipino,3,,2,2,2,2,2,2,,1,,1,,,,,,,,,,,2,5
0,1,,,,,,,,,,,,,,,,,,,,1,,,,4,1,,,2,4,2,2,2,2,2,,3,,4,10,,,,,,80,10,,20,5,2
0,1,1,1,,,,,,,,,,,,,,,,,,,,,,1,1,,4,,3,2,2,2,2,2,,,1,5,0,70,70,0,60,60,60,0,70,5,2,4
0,1,,,,,,,,,,,,,,,,,,,,1,,,,6,1,,5,,2,2,1,1,2,2,4,,,5,0,12,15,14,37,23,41,0,43,25,3,4
0,1,1,1,,,,,,,,,,,,,,,,,,,,,,1,1,,,5,4,2,1,1,1,1,5,,,5,0,26,38,5,11,28,42,0,14,0,2,3
0,1,1,,,,,,1,,,,,,,,,,,,,,,,,1,1,,5,,2,2,2,2,2,2,,4,,4,7,30,40,10,34,40,35,4,30,10,2,4
0,1,1,1,,,,,,,,,,,,,,,,,,,,,,1,1,,,4,3,2,2,2,2,2,,,1,4,41,75,67,23,58,53,51,47,60,48,3,2
0,1,1,,,,,,,1,,,,,,,,,,,,,,,,4,1,,,4,2,2,2,2,2,2,,,1,3,64,21,19,39,65,63,7,35,2,86,2,5
0,1,1,1,,,,,,,,,,,,,,,,,,,,,,1,1,,4,,3,2,1,2,2,2,,4,,5,6,60,70,0,36,34,,7,69,21,2,3
0,1,,,,,,,,,,,,,,,,,,,,1,,,,4,1,,5,,2,2,2,2,3,3,3,,,3,0,70,0,0,,,,0,,0,2,4
0,1,1,1,,,,,,,,,,,,,,,,,,,,,,1,,,,5,4,1,1,1,2,1,5,,,5,0,30,60,0,5,28,,0,30,5,3,5
0,1,,,,,,,,,,,,,,,,,,1,,,,,,2,4,,,5,1,2,1,1,2,1,5,,,5,0,75,90,0,40,30,50,0,40,0,3,4
0,1,2,1,,,,,,,,,,,,,,,,,,,,,,2,10,,,5,1,3,3,3,3,3,,,3,5,100,0,0,0,19,0,0,24,70,22,1,2
0,1,2,1,,,,,,,,,,,,,,,,,,,,,,2,3,,,5,3,2,2,2,2,2,,2,,3,10,29,,8,,,,9,83,30,3,2
0,1,,,,,,,,,,,,,,,,,,1,,,,,,5,10,,,5,1,2,1,1,1,2,,5,,5,0,70,90,0,20,20,30,0,100,0,2,3
0,3,2,1,,,,,,,,,,,,,1,"I never really know how to answer as a 1st gen, Mexican-American",,,,,,,,2,10,,4,,2,1,1,1,1,3,,,2,5,0,65,75,0,41,53,54,0,58,21,3,4
0,1,,,,,,,,,,,,,,,,,,,,1,,,,4,1,,,5,5,2,1,2,2,2,,,1,4,2,5,3,2,4,3,21,1,4,1,1,4
0,1,3,1,,,,,,,,,,,,,,,,,,,,,,1,11,,,5,2,2,1,1,2,2,,,2,4,0,5,10,0,5,10,30,0,30,0,2,5
0,1,,,,,,,,,,,,,,,,,,1,,,,,,2,8,,5,,2,1,1,1,1,2,,,2,4,0,13,17,1,38,18,78,0,0,0,4,1
0,1,,,,,,,,,,,,,,,,,1,,,,,1,,1,1,,,3,4,2,2,2,2,2,,,2,3,45,35,35,50,,,,40,40,70,2,3
0,1,,,,,,,,,,,,,,,,,,,1,,,,,3,1,,5,,3,2,1,1,2,3,5,,,5,0,,,0,26,10,,0,,0,3,4
0,1,2,,,,,,,,,,,,,,1,Latino/a,,,,,,,,2,10,,5,,1,2,2,2,2,2,,5,,5,0,70,75,0,40,40,70,0,80,20,2,3
0,1,,,,,,,,,,,,,,,,,,1,,,,,,2,9,,,5,1,2,1,2,,1,5,,,5,0,65,75,0,50,,60,0,70,0,3,4
0,1,,,,,,,,,,,,,,,,,,1,,,,,1,3,6,,,5,4,2,1,1,2,2,,4,,5,5,34,34,3,24,0,42,0,32,0,2,3
0,1,1,1,,,,,,,,,,,,,,,,,,,,,,1,1,,5,,3,2,1,1,2,2,,,1,5,0,48,65,1,,,,0,52,29,2,3
0,1,1,,,,1,,,,,,,,,,,,,,,,,,,4,1,,,3,2,2,2,2,2,2,2,,,3,,,,,,,,,,,2,1
0,1,1,,,,,,1,,,,,,,,,,,,,,,,,4,1,,3,,3,2,2,1,2,2,3,,,4,21,19,20,20,23,21,42,0,10,10,3,3
0,1,,,,,,,,,,,,,,,,,,1,,,,,,1,3,,,4,2,3,1,2,2,3,5,,,5,0,90,90,0,0,0,85,0,75,0,2,4
0,1,1,1,,,,,,,,,,,,,,,,,,,,,,1,1,,,5,3,2,1,1,2,1,,2,,4,0,97,92,0,10,18,88,0,84,7,3,4
0,1,1,1,,,,,,,,,,,,1,,Taiwanese,,,,,,,,1,1,,5,,1,2,2,2,2,2,,,2,5,2,65,65,1,50,50,50,2,65,49,2,3
0,1,1,,,,,,,,,,,,,,1,Southeast Asian/ Asian,,,,,,,,4,1,,4,,,2,2,2,2,2,,,,,23,60,59,19,35,43,,30,54,,3,3
0,1,,,,,,,,,,,,,,,,,,,1,,,,,3,1,,4,,2,2,2,2,2,2,5,,,5,0,19,50,0,25,35,41,0,50,10,4,3
0,1,1,,,,,,,1,,,,,,,,,,,,,,,,4,1,,,4,5,2,2,2,2,2,3,,,4,30,80,65,55,80,65,66,35,75,70,3,5
0,2,2,,,,,,,,,,,,,,1,Mexican-American ,,,,,,,,2,4,,5,,2,2,1,2,2,3,4,,,5,0,56,70,2,,,,10,,18,3,4
0,1,,,,,,,,,,,,,,,,,1,,,1,,,,2,1,,3,,2,1,1,1,1,2,,,2,5,92,,,92,,,,100,,78,2,3
0,1,,,,,,,,,,,,,,,,,1,,,,,,,1,1,,,5,3,2,1,1,2,2,5,,,5,0,60,60,0,8,,,0,70,0,3,3
0,1,1,,,,1,,,,,,,,,,,,,,,,,,,4,1,,,4,4,2,2,3,2,2,3,,,3,10,51,40,40,11,16,43,0,42,8,3,2
0,1,1,,,,1,,,,,,,,,,,,,,,,,,,4,1,,,3,1,2,3,2,2,2,,,3,3,60,50,10,20,80,30,,,20,30,2,4
0,1,,,,,,,,,,,,,,,,,1,1,,,,,,1,4,,5,,3,2,1,2,2,1,,4,,4,10,60,80,15,45,40,70,0,80,20,3,4
0,1,1,1,,,,,,,,,,,,,,,,,,,,,,1,1,,,5,4,2,1,2,2,1,,4,,4,0,74,84,15,36,,,0,60,7,3,3
0,1,2,1,,,,,,,,,,,,,1,"I am mixed race, white on my father's side, mexican on my mother's side.",,,,,,,,1,10,,5,,3,2,1,2,2,2,5,,,5,0,40,62,0,35,54,58,0,63,10,2,5
0,2,3,,,,,,,,,,,,,,1,Hispanic,,,,,,,,2,3,,,4,1,2,2,2,2,3,,,3,3,,,30,,20,40,,30,40,40,3,4
0,1,,,,,,,,,,,,,,,,,1,,,1,,,,4,1,,4,,2,2,2,2,2,2,,2,,3,5,66,50,0,34,25,70,0,65,20,2,3
0,1,,,,,,,,,,,,,,,,,,,,1,,,,6,1,,,4,1,1,1,2,2,1,,,2,5,0,85,85,10,30,50,80,0,75,20,2,4
0,1,,,,,,,,,,,,,,,,,,1,,,,,,2,3,,,4,2,3,1,2,2,2,,,3,4,45,70,86,45,92,70,51,17,77,77,3,2
0,1,2,,,,,,,,,,,,,,1,"Chicana, latina",,,,,,,,2,9,,5,,2,1,1,1,1,1,,,2,5,0,50,91,0,,,,,,,3,2
0,2,,,,,,,,,,,,,,,,,,1,,,,,,2,4,,,4,2,,,,,,,,,,,,,,,,,,,,,
0,,,,,,,,,,,,,,,,,,,,,,,,,,,,,,,,,,,,,,,,,,,,,,,,,,,
0,,,,,,,,,,,,,,,,,,,,,,,,,,,,,,,,,,,,,,,,,,,,,,,,,,,
0,1,1,,,,,,,,1,,,,,,,,,,,,,,,4,1,,,5,2,,,,,,,,,,,,,,,,,,,,,
0,1,,,,,,,,,,,,,,,,,,,,1,,,,4,1,,,,,,,,,,,,,,,,,,,,,,,,,
0,2,,,,,,,,,,,,,,,,,,1,,,,,,2,10,,5,,2,2,3,2,2,3,,4,,4,,,,,,,,,,,,
0,1,2,1,,,,,,,,,,,,,,,,,,,,,,,,,,,,,,,,,,,,,,,,,,,,,,,,
0,1,,,,,,,,,,,,,,,,,1,1,,,,,,1,,,,,,,,,,,,,,,,,,,,,,,,,,
0,1,,,,,,,,,,,,,,,,,,,,1,,,,2,1,,,,,,,,,,,,,,,,,,,,,,,,,
0,1,2,,,,,,,,,,,,,,,,,,,,,,,,,,,,,,,,,,,,,,,,,,,,,,,,,
0,1,,,,,,,,,,,,,,,,,,,,1,,,,,,,,,,,,,,,,,,,,,,,,,,,,,,
0,1,,,,,,,,,,,,,,,,,,1,,,,,,2,5,,5,,2,2,1,2,2,2,,,3,5,10,60,40,10,,,,,,,,
0,1,,,,,,,,,,,,,,,,,,1,,,,,,2,9,,4,,2,,,,,,,,,,,,,,,,,,,,,
0,1,,,,,,,,,,,,,,,,,,,,1,,,,4,1,,,,,,,,,,,,,,,,,,,,,,,,,
0,1,,,,,,,,,,,,,,,,,1,,,,,,,1,1,,,5,3,1,1,1,1,2,,5,,5,0,60,60,0,,,,,,,,
0,,,,,,,,,,,,,,,,,,,,,,,,,,,,,,,,,,,,,,,,,,,,,,,,,,,
0,1,,,,,,,,,,,,,,,,,1,,,1,,,,1,1,,,4,3,2,1,2,2,2,,,1,5,,,,,,,,,,,,
0,,,,,,,,,,,,,,,,,,,,,,,,,,,,,,,,,,,,,,,,,,,,,,,,,,,
0,1,,,,,,,,,,,,,,,,,,,,1,,,,4,1,,4,,4,2,2,2,1,2,4,,,4,,,,,,,,,,,,
0,1,,,,,,,,,,,,,,,,,,,,1,,,,4,,,,,,,,,,,,,,,,,,,,,,,,,,
1,1,1,1,,,1,,,,,,,,,,,,,,,,,,,4,1,,4,,1,1,1,3,3,2,,3,,3,67,65,72,64,66,70,30,66,66,67,2,3
1,2,,,,,,,,,,,,,,,,,,1,1,1,,,,7,10,,4,,5,2,1,1,1,1,,,2,4,32,76,,,,,,3,86,15,2,2
1,1,,,,,,,,,,,,,,,,,,,,1,,,,4,1,,5,,2,2,1,1,2,2,,,1,5,0,77,28,4,15,19,24,0,61,8,2,4
1,1,,,,,,,,,,,,,,,,,,,,,,1,,6,1,,,5,2,3,1,1,2,1,5,,,5,0,70,80,0,63,34,30,0,78,15,3,5
1,2,,,,,,,,,,,,,,,,,,,,1,,,,2,1,,,5,4,1,1,1,1,3,,,1,5,0,55,60,5,10,15,25,0,20,15,2,4
1,2,2,1,,,,,,,,,,,,,,,,,,,,,,2,9,,5,,1,2,2,2,2,2,,,3,5,30,,30,,,,,0,25,25,4,3
1,1,,,,,,,,,,,,,,,,,,1,,,,,,4,10,,5,,1,2,2,2,2,2,4,,,4,0,,,6,24,19,,0,34,31,2,3
1,1,1,,1,,,,,,,,,,,,,,,,,,,,,3,1,,,5,3,1,1,1,1,1,,,1,5,0,9,14,0,4,19,34,0,6,0,4,3
1,1,2,1,,,,,,,,,,,,,,,,,,,,,,2,10,,5,,2,2,1,1,2,2,,4,,5,0,,71,9,,,,0,,50,2,3
1,1,,,,,,,,,,,,,,,,,1,1,,,,,,4,11,,,5,1,2,1,1,1,1,,,2,5,20,,73,15,,,,47,,,2,5
1,1,1,1,,,,,,,,,,,,,1,Taiwanese,,,,,,,,1,1,,,5,5,3,3,2,3,2,,,1,4,0,29,40,10,26,30,50,0,,0,1,3
1,2,,,,,,,,,,,,,,,,,1,,,,,,,1,1,,,4,3,3,3,3,3,3,,,1,4,5,88,85,20,25,45,90,3,90,10,3,3
1,2,,,,,,,,,,,,,,,,,,1,,,,,,7,10,,4,,3,2,1,2,2,3,5,,,5,1,69,68,32,,99,86,,75,19,2,3
1,1,1,1,,,,,,,,,,,,,,,,,,,,,,1,1,,,5,4,1,1,1,1,1,,,1,5,0,75,80,10,30,30,75,0,71,9,2,4
1,2,,,,,,,,,,,,,,,,,,1,,,,,,2,10,,,4,1,2,1,2,2,3,,,1,5,0,90,90,0,5,25,50,0,,0,3,4
1,2,2,1,,,,,,,,,,,,,,,,,,,,,,2,9,,,4,2,2,2,2,2,2,,3,,4,25,60,70,45,71,,25,0,60,60,2,3
1,1,,,,,,,,,,,,,,,,,1,,,,,1,,1,1,,,5,2,3,2,2,2,2,2,,,3,0,75,40,0,40,40,75,0,50,25,2,4
1,2,,,,,,,,,,,,,,,,,,1,,,,,,2,4,,,4,2,2,1,1,2,3,,4,,5,0,75,80,0,10,25,58,0,50,0,3,4
1,1,,,,,,,,,,,,,,,,,,,,1,,,,4,1,,,5,2,2,1,2,2,2,,,2,5,0,80,90,0,40,75,50,0,85,9,3,4
1,1,2,1,,,,,,,,,,,,,,,,,,,,,,2,10,,5,,1,1,1,2,2,3,,5,,5,0,70,,0,30,30,40,0,,30,2,3
1,2,2,1,,,,,,,,,,,,,,,,,,,,,,2,10,,3,,2,2,1,1,2,3,,,1,5,0,75,75,0,25,15,65,0,50,0,2,4
1,1,1,1,,,,,,,,,,,,,,,,,,,,,,1,1,,5,,3,3,1,2,3,2,4,,,5,0,61,61,0,40,30,71,0,58,0,2,3
1,1,,,,,,,,,,,,,,,,,,,,1,,,,4,1,,2,,2,2,1,2,2,2,,,1,3,15,,74,71,85,67,63,0,80,28,4,3
1,2,1,,,,,,1,,,,,,,,,,,,,,,,,4,1,,,5,4,2,1,2,1,1,,,2,5,0,31,40,19,30,30,45,0,45,10,2,3
1,2,2,1,,,,,,,,,,,,,,,,,,,,,,2,9,,3,,2,2,1,1,2,1,5,,,5,0,40,45,0,50,,,0,50,50,2,3
1,2,,,,,,,,,,,,,,,,,1,,,,,,,1,1,,,4,2,3,1,1,1,2,4,,,4,0,39,90,0,40,32,60,0,,0,2,3
1,3,2,,,,,,,,,,,,,,,White,,,,,,,,2,10,,,5,1,2,1,1,2,1,,,2,5,0,65,65,0,30,50,,0,70,50,2,5
1,1,,,,,,,,,,,,,,,,,1,1,,,,,,1,6,,3,,3,2,2,2,2,2,,2,,3,16,62,72,29,41,50,,11,55,29,2,3
1,1,3,,,,,,,,,,,,,,1,Latino,,,,,,,,4,4,,,5,2,2,1,2,2,3,,,5,5,0,70,80,0,50,50,50,0,80,30,2,3
1,1,1,1,,,,,,,,,,,,,,"Irish, Swedish, Norwegian ",,,,,,,,1,1,,2,,4,3,3,3,3,3,,2,,2,80,21,10,84,89,82,10,82,20,85,2,5
1,1,,,,,,,,,,,,,,,,,1,,,,,,,1,1,,,5,3,2,2,2,2,2,,4,,5,0,75,85,0,30,31,50,0,76,28,2,3
1,1,,,,,,,,,,,,,,,,,1,1,,,,,,2,1,,,2,1,3,3,2,3,1,,,5,3,23,32,26,55,16,24,13,67,38,86,2,5
1,1,1,1,,,,,,,,,,,,,,,,,,,,,,1,1,,4,,3,1,2,1,1,3,3,,,5,0,80,75,0,33,44,90,0,80,0,2,4
1,1,,,,,,,,,,,,,,,,,1,,,,,1,,1,1,,5,,3,3,2,2,3,3,,5,,5,0,0,0,0,0,0,0,0,0,0,2,4
1,1,1,1,,,1,,,,,,,,,,,,,,,,,,,4,1,,5,,3,2,1,2,2,2,4,,,4,0,85,85,0,20,20,,0,85,0,2,3
1,2,,,,,,,,,,,,,,,,,,1,,,,,,2,10,,5,,1,1,1,1,1,1,,5,,5,0,50,50,0,50,50,50,0,50,50,5,5
1,2,,,,,,,,,,,,,,,,,,,,1,,,,4,1,,,5,1,2,2,2,2,2,4,,,5,63,42,55,35,64,50,42,60,49,51,1,4
1,1,,,,,,,,,,,,,,,,,,,,1,,,,2,1,,,4,2,2,2,2,2,2,,,1,3,10,,65,5,40,15,50,0,75,35,2,5
1,2,1,1,,,,,,,,,,,,,,,,,,,,,,1,1,,4,,3,2,2,2,2,2,,,2,4,45,33,15,55,40,55,50,30,35,40,2,2
1,1,1,,,,,,,1,,,,,,,,,,,,,,,,4,1,,1,,1,2,3,3,3,2,,,5,3,100,0,0,100,0,0,0,0,0,0,1,4
1,2,2,,,,,,,,,,,,,,1,Indigenous Mexican,,,,,,,,2,10,,,5,1,2,1,1,2,3,3,,,5,0,38,38,13,34,36,45,0,46,15,2,4
1,1,1,1,,1,,,,,,,,,,,,,,,,,,,,1,1,,,5,3,2,2,2,2,2,,3,,4,15,70,65,18,80,55,70,5,65,35,3,3
1,1,,,,,,,,,,,,,,,,,1,,,,,,,1,1,,5,,4,2,1,2,2,2,,,1,5,0,15,20,0,5,10,40,0,10,0,2,4
1,1,,,,,,,,,,,,,,,,,,1,,,,,,2,11,,,5,2,1,1,2,2,2,,4,,4,0,70,85,0,30,10,,0,90,0,3,4
1,1,1,1,,,,,,,,,,,,,,,,,,,,,,1,1,,2,,3,2,2,2,2,2,,3,,3,60,65,62,65,57,63,65,36,70,35,3,3
1,1,,,,,,,,,,,,,,,,,1,1,,,,,,2,1,,5,,1,1,1,1,2,1,4,,,5,0,75,80,5,31,25,50,0,70,10,3,4
1,2,,,,,,,,,,,,,,,,,,,,1,,,,4,1,,4,,2,3,3,3,3,3,3,,,3,60,40,11,,,,29,,41,47,2,3
1,1,,,,,,,,,,,,,,,,,1,1,,,,,,1,10,,5,,2,2,1,1,2,3,5,,,5,0,70,91,0,0,33,15,0,70,0,4,3
1,1,1,,,,,,1,,,,,,,,,,,,,,,,,2,1,,,5,2,2,2,2,2,2,3,,,5,0,70,80,0,60,60,60,0,90,20,3,3
1,1,,,,,,,,,,,,,,,,,,,1,,,,,3,1,,,4,2,2,2,1,2,1,,,2,5,20,57,71,38,61,62,65,0,57,27,3,5
1,1,1,,,,1,,,,,,,,,,1,malaysian,,,,,,,,4,1,,4,,3,2,2,2,2,2,,,2,5,0,73,81,0,31,28,,0,69,0,2,2
1,1,1,1,,,,,,,,,,,,,,,,,,,,,,6,1,,,5,2,2,1,1,1,1,,4,,4,0,0,41,0,,,,0,21,9,3,4
1,1,2,1,,,,,,,,,,,,,,Irish ,,,,,,,,1,6,,4,,3,2,2,2,2,2,4,,,4,0,14,15,15,15,30,30,1,20,12,3,3
1,1,,,,,,,,,,,,,,,,,,,,1,,,,6,1,,,5,2,2,1,1,2,2,,,2,5,11,79,100,12,64,31,65,0,33,14,2,3
1,1,,,,,,,,,,,,,,,,,1,,,,,,,1,,,5,,3,2,1,1,2,2,3,,,3,9,51,41,35,75,55,60,9,49,49,3,4
1,1,2,1,,,,,,,,,,,,,,,,,,,,,,1,10,,,5,1,1,1,1,1,2,,5,,5,0,71,91,0,76,60,87,0,55,0,3,5
1,1,,,,,,,,,,,,,,,,,1,1,,,,,,2,10,,,4,1,2,2,2,2,2,,,3,4,33,50,56,36,65,45,58,18,66,34,2,3
1,1,,,,,,,,,,,,,,,,,,1,,,,,,1,11,,,4,2,2,1,1,1,1,5,,,5,0,50,80,0,10,,65,0,,15,2,3
1,1,1,,,,1,,,,,,,,,,,,,,,,,,,4,1,,4,,3,3,2,3,3,2,3,,,,20,20,30,40,67,30,67,20,30,30,3,4
1,1,,,,,,,,,,,,,,,,,,,,1,,,,4,1,,,5,4,2,1,2,2,1,4,,,5,0,20,36,0,15,4,32,0,7,0,2,3
1,1,,,,,,,,,,,,,,,,,1,,,,,,,1,1,,,4,2,2,1,2,2,2,,5,,5,0,60,90,3,25,25,59,0,50,10,2,5
1,1,1,1,,,,,,,,,,,,,,,,,,,,,,1,1,,4,,4,2,2,2,2,2,3,,,4,0,36,65,6,13,17,54,72,33,14,3,3
1,2,2,,,,,,,,,,,,,,1,I don’t identify with any,,,,,,,,2,9,,5,,1,1,1,2,2,1,,,2,5,0,10,10,0,30,30,39,0,30,10,3,4
1,1,3,1,,,,,,,,,,,,,,,,,,,,,,1,4,,5,,4,1,1,2,2,3,,,1,5,0,40,,0,16,42,,0,60,0,2,3
1,1,,,,,,,,,,,,,,,,,1,1,,,,,,1,10,,,5,1,1,1,1,2,2,,5,,5,1,70,62,8,85,69,,0,90,2,2,3
1,2,,,,,,,,,,,,,,,,,,1,,1,,,,2,9,,5,,2,2,1,2,1,3,,,1,5,0,26,,0,9,4,15,0,24,0,3,4
1,2,,,,,,,,,,,,,,,,,,1,,,,,,2,10,,,5,2,2,1,2,2,2,,,1,1,0,60,66,13,28,29,,0,,14,2,3
1,1,1,,,,,1,,,,,,,,,,,,,,,,,,4,1,,,5,1,2,1,1,3,,,,3,5,0,0,0,0,0,0,0,0,0,0,2,3
1,2,,,,,,,,,,,,,,,,,,1,,,,,,2,10,,5,,2,3,3,1,2,3,,3,,4,0,85,70,0,35,55,75,0,70,0,2,4
1,2,1,,,,,1,,,,,,,,,,,,,,,,,,4,1,,5,,3,2,2,2,2,2,,4,,4,0,25,26,0,9,14,,0,22,0,2,4
1,2,,,,,,,,,,,,,,,,,1,1,,,,,,4,13,Mixed,,5,3,2,1,2,2,3,4,,,4,0,60,80,15,75,40,,0,60,30,2,4
1,2,3,,1,,,,,,,,,,,,,,,,,,,,,3,4,,,3,2,2,1,1,1,2,,,2,5,0,50,50,0,50,25,25,0,50,25,3,3
1,1,,,,,,,,,,,,,,,,,1,,,,,,,1,1,,,2,4,2,2,2,2,2,,3,,3,,,,,,,,,,,2,4
1,1,,,,,,,,,,,,,,,,,,1,,,,,,2,4,,,5,2,1,1,1,1,1,5,,,5,0,40,80,0,65,50,,0,66,25,4,3
1,1,,,,,,,,,,,,,,,,,1,1,,,,,,1,13,Argentinean,,5,3,2,2,2,2,2,3,,,4,27,48,,37,59,50,55,20,46,45,3,2
1,1,,,,,,,,,,,,,,,,,,,,1,,,,4,1,,5,,2,2,2,1,2,2,3,,,4,9,67,69,19,29,42,,9,69,5,2,3
1,1,1,,,,,,1,,,,,,,,,,,,,,,,,4,1,,5,,3,2,1,2,2,2,4,,,4,0,71,69,0,31,23,65,0,64,21,3,3
1,1,,,,,,,,,,,,,,,,,,1,,1,,,1,7,10,,,5,5,2,2,2,2,2,,,1,5,0,60,80,0,60,80,90,0,65,35,2,5
1,1,1,,,,,,,,,,,,,,1,Pakistani,,,,,,,,2,1,,,5,1,2,1,1,1,3,,,2,5,0,40,70,0,35,35,45,0,55,40,3,3
1,1,,,,,,,,,,,,,,,,,,1,,,,,,2,9,,,5,1,1,1,1,2,3,,,2,5,0,82,82,9,100,61,73,0,80,67,2,5
1,1,1,1,,,1,,,,,,,,,,,,,,,,,,,1,1,,5,,3,2,2,2,2,2,,,1,4,0,40,93,0,30,20,55,0,60,15,2,4
1,1,3,1,,,,,,,,,,,,,1,,,,,,,,,1,11,,,5,1,2,1,2,2,2,,2,,4,0,15,15,0,50,50,80,0,90,0,3,3
1,1,1,1,,,,,,,,,,,,,,,,,,,,,,1,1,,5,,4,3,2,2,2,2,,,1,4,0,95,90,20,35,30,70,0,80,15,4,4
1,1,1,,,,,,,,,,,,,,1,Burmese and Chinese,,,,,,,,4,1,,,2,2,2,2,2,2,2,,,3,3,2,40,22,24,78,60,60,0,30,30,5,3
1,1,,,,,,,,,,,,,,,,,,1,,,,,,2,10,,,5,4,1,1,2,2,2,,5,,5,0,67,74,0,30,20,,0,60,0,3,4
1,1,1,,,,1,,,,,,,,,,,,,,,,,,,4,1,,,2,2,2,1,1,1,1,2,,,4,5,40,40,,,55,75,5,60,5,4,3
1,2,2,,,,,,,,,,,,,,1,I am not sure ,,,,,,,,2,10,,,5,2,2,1,2,2,3,4,,,5,0,25,50,0,25,0,50,0,50,25,3,3
1,3,,,,,,,,,,,,,,,,,,1,,,1,,,2,10,,5,,2,1,1,1,1,2,,,1,5,0,31,34,0,8,5,9,0,8,0,3,5
1,2,2,1,,,,,,,,,,,,,,,,,,,,,,2,10,,5,,2,2,1,2,2,3,5,,,4,0,100,100,0,10,25,75,0,90,0,1,5
1,2,,,,,,,,,,,,,,,,,,1,,1,,,,4,4,,5,,1,2,2,1,2,3,,,1,5,0,70,70,3,25,25,56,0,70,0,3,4
1,1,,,,,,,,,,,,,,,,,1,,,,,,,1,1,,,5,4,2,1,1,2,1,,3,,5,0,15,10,0,25,0,,0,10,0,2,5
1,2,2,1,,,,,,,,,,,,,,,,,,,,,,2,9,,,5,1,2,1,1,1,2,,5,,5,0,45,44,0,36,22,23,0,28,0,2,4
1,1,2,,,,,,,,,,,,,,1,Mexican American/ Hispanic ,,,,,,,,2,10,,5,,3,2,2,2,2,2,,,1,4,0,50,100,0,,,,0,100,0,2,3
1,1,1,1,,,,,,1,,,,,,,,,,,,,,,,4,1,,,5,2,1,2,1,2,3,4,,,5,20,75,60,20,50,44,25,5,25,35,2,4
1,1,,,,,,,,,,,,,,,,,,,,1,,,,2,1,,5,,3,2,1,1,2,2,4,,,4,10,55,70,10,70,70,,0,70,45,2,3
1,1,,,,,,,,,,,,,,,,,,1,,,,,,2,10,,,5,2,2,1,2,2,3,5,,,5,0,,87,10,50,60,,0,85,5,2,2
1,1,1,,1,,,,,,,,,,,,,"African, Ghanaian",,,,,,,,3,1,,,5,2,1,1,1,2,2,,,1,4,0,,75,,,,,1,71,1,2,3
1,2,2,,,,,,,,,,,,,,1,,,,,,,,,2,10,,3,,3,2,1,1,2,3,4,,,5,10,40,50,30,50,50,50,10,30,10,3,2
1,2,,,,,,,,,,,,,,,,,,,,1,,,,4,1,,4,,3,2,2,2,2,2,,,2,4,40,53,48,35,56,56,53,10,55,33,3,4
1,1,,,,,,,,,,,,,,,,,,,,1,,,,4,1,,,5,4,2,2,2,1,3,,,1,5,5,70,70,0,33,,80,5,50,20,2,4
1,1,1,1,,,,,,,,,,,,,,,,,,,,,,1,1,,,5,3,2,2,1,2,2,,,4,5,0,81,82,0,17,35,70,0,86,5,2,4
1,1,2,,,,,,,,,,,,,,1,Hispanic,,,,,,,,2,4,,,5,1,2,1,2,2,2,,4,,4,0,75,86,0,27,53,70,0,62,0,2,3
1,1,1,1,,,,,,,,,,,,,,,,,,,,,,1,1,,,4,2,1,1,1,1,2,,4,,5,0,50,50,0,60,29,36,0,60,20,3,4
1,1,,,,,,,,,,,,,,,,,,1,,,,,,2,10,,,5,1,2,1,2,2,3,5,,,5,0,98,92,0,20,,55,0,66,0,2,4
1,1,,,,,,,,,,,,,,,,,,,,1,,,,4,1,,,3,1,3,3,3,3,3,,2,,2,70,50,58,80,80,50,50,50,50,65,3,3
1,1,,,,,,,,,,,,,,,,,1,,,,,,,1,1,,4,,2,2,2,2,2,2,,,1,5,0,80,85,6,41,44,75,0,91,18,3,3
1,1,,,,,,,,,,,,,,,,,1,,1,,,,,3,1,,,5,2,3,1,2,3,3,5,,,5,0,0,0,0,0,0,40,0,20,0,1,5
1,2,,,,,,,,,,,,,,,,,,1,,,,,,2,10,,4,,2,1,2,1,2,2,5,,,5,0,70,80,0,,50,,0,60,10,2,4
1,1,,,,,,,,,,,,,,,,,,1,,,,,,2,6,,5,,2,2,2,1,2,2,,,5,5,0,50,75,40,30,30,30,0,50,0,2,3
1,1,,,,,,,,,,,,,,,,,,,,1,,,,4,1,,,4,3,2,3,1,3,1,,,2,5,15,14,14,22,51,47,56,3,59,36,4,3
1,2,,,,,,,,,,,,,,,,,1,1,,,,,,2,10,,,5,3,2,1,2,2,2,,,1,4,30,46,60,40,65,59,42,23,59,32,2,3
1,1,1,,,,,,1,,,,,,,,,,,,,,,,,4,1,,5,,2,2,1,1,3,3,2,,,3,0,27,87,0,27,28,49,0,41,12,2,2
1,2,2,,,1,,,,,,,,,,,,,,,,,,,,2,8,,,5,1,1,2,2,2,2,,3,,5,20,,0,0,0,0,,0,20,10,2,5
1,2,1,1,,,,,,,,,,,,,,,,,,,,,,1,1,,5,,4,2,1,2,2,2,,,1,5,4,63,66,6,31,24,57,10,70,5,2,3
1,1,,,,,,,,,,,,,,,,,,1,,,,,,2,10,,5,,1,2,1,2,2,3,5,,,5,0,100,100,0,43,,50,0,74,0,3,4
1,1,2,1,,,,,,,,,,,,,,,,,,,,,,2,4,,,5,4,2,1,1,2,3,,,1,,0,50,70,0,49,50,50,0,60,15,3,4
1,1,,,,,,,,,,,,,,,,,,,1,,1,,,3,1,,3,,2,1,1,1,1,1,,5,,5,3,76,83,4,57,79,62,0,78,8,3,3
1,1,1,1,,,,,,,,,,,,,,,,,,,,,,1,1,,,4,3,2,2,2,2,2,3,,,3,30,20,10,50,70,50,20,30,30,50,3,3
1,1,,,,,,,,,,,,,,,,,,1,,1,,,,1,10,,5,,2,2,2,2,2,2,,,2,5,0,65,70,1,65,40,70,0,85,15,2,3
1,1,,,,,,,,,,,,,,,,,,,,1,,,,4,1,,,5,3,2,2,2,2,2,,,2,,9,,43,,,,,25,42,40,3,2
1,2,,,,,,,,,,,,,,,,,,1,,,,,,2,10,,5,,4,2,1,2,1,1,,3,,5,0,56,70,0,32,,,0,60,18,2,3
1,1,,,,,,,,,,,,,,,,,,1,,,,,,2,6,,5,,1,2,2,2,2,2,5,,,5,0,100,100,0,,,,0,,20,2,2
1,1,,,,,,,,,,,,,,,,,,,,1,,,,4,1,,5,,4,2,2,2,2,2,,5,,4,0,73,81,,36,,84,0,28,10,2,3
1,1,,,,,,,,,,,,,,,,,1,,,,,,,1,1,,,2,1,3,3,3,3,3,,1,,1,60,40,0,30,100,50,,70,20,70,2,
1,1,3,1,,,,,,,,,,,,,1,Hispanic,,,,,,,,4,6,,2,,3,3,3,2,2,3,,2,,2,82,40,33,81,,,,63,37,72,3,5
1,2,,,,,,,,,,,,,,,,,,1,,,,,,2,10,,,5,1,3,3,3,3,3,,5,,5,0,7,0,0,0,0,0,0,0,0,2,4
1,1,1,,,,,,,,,1,,,,,,,,,,,,,,4,1,,4,,3,2,1,2,2,2,2,,,2,25,,,46,33,30,41,34,42,34,2,4
1,1,2,1,,,,,,,,,,,,,,,,,,,,,,2,10,,,5,1,2,1,1,2,2,5,,,5,0,48,77,0,50,50,50,0,50,24,3,3
1,2,1,1,,,,,,,,,,,,,1,Middle Eastern (Lebanese),,,,,,,,1,1,,5,,2,2,1,1,2,1,,5,,5,0,30,70,5,30,40,65,0,80,10,2,4
1,1,1,1,,,,,,,,,,,,,,,,,,,,,,1,1,,4,,2,2,2,2,2,2,,3,,4,1,40,75,5,40,50,,0,75,45,2,3
1,2,,,,,,,,,,,,,,,,,,1,,,,,,2,10,,,4,2,1,1,1,2,2,4,,,4,3,,83,8,62,30,24,0,,36,3,4
1,2,,,,,,,,,,,,,,,,,,1,,,,,,2,10,,,5,2,1,1,2,2,2,5,,,5,0,60,80,0,30,20,50,0,64,5,3,4
1,1,2,,,,,,,,,,,,,,1,,,,,,,,,2,10,,5,,2,1,1,1,2,2,,,1,5,0,45,45,0,15,20,35,0,30,10,3,4
1,1,,,,,,,,,,,,,,,,,,,1,1,,,,3,1,,5,,2,1,1,1,1,2,,,1,5,0,0,58,0,5,41,68,0,20,10,2,3
1,2,2,1,,,,,,,,,,,,,,,,,,,,,,2,10,,,4,2,2,1,1,2,2,,,3,4,0,73,50,73,77,77,53,0,85,0,3,3
1,1,2,1,,,,,,,,,,,,,,,,,,,,,,2,4,,,5,2,1,1,1,1,3,5,,,5,0,42,80,0,0,45,,0,59,0,3,4
1,1,,,,,,,,,,,,,,,,,1,1,,,,,,1,11,,4,,1,3,3,3,3,3,2,,,2,0,0,0,0,20,10,40,65,0,0,2,4
1,2,2,1,,,,,,,,,,,,,,,,,,,,,,1,6,,,5,3,1,2,2,1,2,,4,,4,0,70,65,0,20,5,,0,55,10,3,3
1,1,2,1,,,,,,,,,,,,,,,,,,,,,,2,4,,,5,2,2,1,2,2,2,5,,,5,0,80,100,0,30,31,,0,95,10,2,3
1,2,3,,,,,,,,,,,,,,1,Hispanic/Latino ,,,,,,,,2,4,,,4,4,1,1,1,3,2,,,3,4,60,63,55,53,76,60,68,5,,50,2,5
1,1,,,,,,,,,,,,,,,,,,1,,,,,,1,4,,,5,1,2,1,1,1,2,,,3,5,0,40,36,0,35,30,36,0,80,25,2,3
1,1,1,,,,,,,,,,,,,,1,Nepali,,,,,,,,2,1,,4,,4,2,1,1,2,2,,5,,5,0,70,55,8,41,37,54,0,54,26,4,5
1,1,,,,,,,,,,,,,,,,,,1,,,,,,2,10,,5,,3,2,1,1,2,2,4,,,5,0,,61,18,55,55,,0,62,60,2,3
1,2,,,,,,,,,,,,,,,,,1,,,,,,,1,1,,,5,5,2,3,1,2,2,,,2,5,5,20,15,4,0,15,15,0,5,0,2,3
1,1,1,1,,,,,,,,,,,,,,,,,,,,,,1,1,,5,,4,2,3,1,3,2,,,2,5,0,1,1,0,10,1,11,0,0,0,2,4
1,2,2,,,,,,,,,,,,,,1,Mestizo ,,,,,,,,2,9,,5,,2,1,1,1,1,1,,,2,5,0,55,70,0,48,35,59,0,52,0,3,4
1,1,,,,,,,,,,,,,,,,,,1,,,,,,2,4,,,5,5,2,1,1,1,3,,5,,5,0,38,56,0,53,16,81,0,20,0,2,5
1,2,2,,,1,,,,,,,,,,,,,,,,,,,,2,10,,4,,2,1,1,1,1,3,,5,,5,0,75,60,0,20,0,50,0,80,20,2,4
1,1,,,,,,,,,,,,,,,,,,1,,,,,,1,10,,5,,3,2,2,2,2,2,,4,,4,0,60,65,0,,50,,10,70,30,3,4
1,1,,,,,,,,,,,,,,,,,,,,1,,1,,6,1,,,5,2,3,2,2,2,3,4,,,4,0,70,75,5,30,35,60,0,50,20,3,4
1,2,,,,,,,,,,,,,,,,,,,,1,,,,4,1,,,5,2,1,1,2,2,2,,4,,5,0,,70,10,20,60,31,0,60,30,3,3
1,2,,,,,,,,,,,,,,,,,,1,,,,,,6,10,,5,,2,2,1,2,2,2,4,,,4,0,68,85,14,63,71,86,17,77,35,2,4
1,1,2,,,,,,,,,,,,,,1,Latino/Mexican American,,,,,,,,6,3,,5,,2,2,1,1,2,1,,,1,5,0,54,66,0,26,9,13,0,53,0,2,3
1,1,1,,,,1,,,,,,,,,,,,,,,,,,,4,1,,,3,4,2,2,2,2,2,2,,,3,39,72,44,50,54,66,57,50,76,55,3,2
1,1,,,,,,,,,,,,,,,,,1,,,,,,,1,1,,5,,3,1,1,1,1,2,4,,,4,0,90,80,0,20,20,90,0,60,0,1,4
1,2,,,,,,,,,,,,,,,,,,1,,,,,,2,10,,5,,1,2,2,2,2,2,,,1,5,0,,,0,,0,,0,,0,2,2
1,1,1,,,,,,,,,,,,,,1,North African,,,,,,,,6,1,,,5,3,2,1,2,1,1,4,,,4,0,20,30,0,55,38,,0,20,8,3,4
1,1,1,1,,,,,,,,,,,,,,,,,,,,,,1,1,,5,,3,2,2,2,2,2,3,,,4,0,63,70,6,26,46,,11,57,36,2,2
1,2,,,,,,,,,,,,,,,,,,1,,,,,,2,4,,,5,2,1,1,1,2,3,,,1,5,0,80,80,0,48,48,70,0,75,48,3,4
1,1,2,1,,,,,,,,,,,,,,,,,,,,,,2,4,,5,,1,2,2,2,2,2,,4,,5,0,54,70,,18,31,41,0,64,0,3,3
1,1,2,1,,,,,,,,,,,,,,,,,,,,,,4,10,,5,,1,2,1,1,2,1,5,,,5,0,27,36,0,0,22,11,0,29,0,3,3
1,1,1,,,,,,,,,,,,,,1,Persian ,,,,,,,,6,1,,3,,3,2,3,2,2,2,3,,,3,,,,,,,,,,,3,3
1,2,,,,,,,,,,,,,,,,,,1,,,,,,2,4,,3,,2,2,2,2,2,3,,,2,4,31,46,53,37,69,67,54,25,56,58,2,3
1,2,,,,,,,,,,,,,,,,,,1,,1,,,,4,10,,5,,5,1,1,2,1,1,,,4,5,0,75,100,0,35,25,,0,80,0,2,4
1,1,,,,,,,,,,,,,,,,,,1,,,,,,2,10,,,5,2,2,1,2,2,2,5,,,5,0,60,80,0,,,,0,80,5,2,4
1,2,1,1,,,,,,,,,,,,,1,White/Middle Eastern ,,,,,,,,1,1,,,5,2,2,2,2,2,2,4,,,4,0,15,10,0,5,0,40,0,15,0,2,4
1,1,,,,,,,,,,,,,,,,,1,,,,,,,1,1,,,5,3,2,1,2,2,2,3,,,5,0,80,89,0,20,40,,0,50,15,3,5
1,1,,,,,,,,,,,,,,,,,,,,1,,,,4,1,,5,,3,1,1,1,1,2,5,,,5,0,70,70,0,36,28,50,0,78,10,2,3
1,1,,,,,,,,,,,,,,,,,,1,,,,,,1,9,,5,,2,1,1,1,1,1,,,3,5,0,40,70,,,,,0,,30,4,5
1,1,,,,,,,,,,,,,,,,,,1,,,,,,2,3,,5,,1,2,2,2,2,2,2,,,3,0,77,74,7,55,24,50,11,60,15,2,3
1,1,2,1,,,,,,,,,,,,,,,,,,,,,,2,4,,5,,3,1,1,2,2,2,5,,,5,0,85,80,0,73,70,,0,85,9,3,4
1,1,,,,,,,,,,,,,,,,,,,1,,,,,3,1,,,5,2,2,1,1,2,2,5,,,5,0,60,60,0,0,20,35,0,60,0,3,5
1,2,,,,,,,,,,,,,,,,,1,1,,,,,,1,11,,5,,2,1,1,2,1,1,,,1,5,0,65,95,0,65,60,,0,70,5,3,5
1,2,,,,,,,,,,,,,,,,,,1,,,,,,2,11,,,5,2,1,1,1,2,1,,4,,4,1,61,74,8,41,70,60,0,66,6,2,4
1,1,,,,,,,,,,,,,,,,,,,1,,,,,3,1,,,2,1,3,2,3,2,1,2,,,2,73,0,0,50,,,,34,0,70,3,3
1,1,1,,,,,,,,1,,,,,,,,,,,,,,,4,1,,4,,3,2,1,2,2,1,,,2,4,0,21,30,3,,,15,0,30,20,2,4
1,2,2,,,,,,,,,,,,,,1,Brown,,,,,,,,2,4,,5,,1,1,1,1,2,2,,,1,5,0,49,90,0,,,,0,80,0,5,5
1,2,2,1,,1,,,,,,,,,,,,,,,,,,,,2,10,,5,,1,2,1,1,1,3,4,,,5,0,75,77,0,39,58,71,0,61,19,2,3
1,1,,,,,,,,,,,,,,,,,,,,1,,,,4,1,,,5,3,2,2,2,3,3,,4,,4,0,40,50,25,5,8,75,20,,10,2,2
1,1,,,,,,,,,,,,,,,,,,1,,,,,,2,10,,,5,2,2,2,2,1,2,,,2,5,13,87,100,0,38,41,57,0,59,37,2,3
1,1,,,,,,,,,,,,,,,,,,,,1,,,,2,1,,,3,2,3,3,2,3,3,,,3,5,32,16,37,6,92,85,14,87,0,0,5,5
1,2,2,,,,,,,,,,,,,,1,I am Latino.,,,,,,,,2,10,,5,,1,2,1,2,2,3,,5,,5,0,30,11,0,15,9,66,0,24,0,5,5
1,2,1,1,,,,,,,,,,,,,,,,,,,,,,1,1,,4,,2,3,2,2,2,2,4,,,3,68,28,23,58,49,,,35,40,57,2,3
1,2,,,,,,,,,,,,,,,,,,1,,,,,,2,4,,,3,3,1,1,1,1,1,,,4,4,37,,,23,72,,77,,,,4,4
1,2,1,,,,,,,,,,,,,,1,Southeast Asian,,,,,,,,4,1,,5,,3,2,2,2,2,2,,,2,3,21,55,54,16,,,,23,54,35,3,3
1,1,,,,,,,,,,,,,,,,,,1,,,,,,1,6,,,4,2,2,1,1,2,2,4,,,4,0,,36,27,85,,56,0,63,64,2,4
1,1,,,,,,,,,,,,,,,,,,1,,,,,,2,10,,,4,2,2,1,2,2,2,,,1,5,0,48,47,0,39,43,63,0,39,0,2,5
1,1,,,,,,,,,,,,,,,,,,1,,1,,,,2,10,,5,,2,2,1,2,2,3,5,,,5,0,90,75,0,18,10,50,0,76,4,2,5
1,2,,,,,,,,,,,,,,,,,,1,,,,,,1,5,,,5,3,2,1,2,2,3,,5,,5,0,30,40,0,2,0,50,0,10,1,2,3
1,1,1,,,,,,,,1,,,,,,,,,,,,,,,4,1,,,5,2,2,2,2,2,2,3,,,4,0,63,77,0,34,50,,0,,45,2,3
1,1,2,,,,,,,,,,,,,,,,,,,,,,,2,4,,5,,2,1,1,1,1,1,,5,,5,0,71,82,0,51,63,64,0,73,0,4,5
1,2,2,,,,,,,,,,,,,,1,,,,,,,,,2,10,,5,,4,2,1,2,2,1,,,1,5,0,100,100,0,20,50,80,0,60,0,3,5
1,1,2,1,,,,,,,,,,,,,,,,,,,,,,1,10,,,5,2,2,2,2,2,2,2,,,3,0,20,10,70,25,25,,0,30,70,2,2
1,1,2,1,,,,,,,,,,,,,1,"Hispanic, but that also falls under white?",,,,,,,,2,10,,,5,2,1,1,1,1,2,,,1,5,0,0,0,0,0,4,9,0,4,0,2,5
1,1,,,,,,,,,,,,,,,,,,,,,,1,,6,1,,4,,2,2,2,2,1,2,,,3,3,10,11,30,35,70,15,30,30,29,30,2,3
1,1,1,,,,,,,,,1,,,,,,,,,,,,,,4,1,,,4,2,2,2,2,2,2,,3,,4,0,70,60,0,,50,,20,80,30,4,5
1,1,1,1,,,1,,,,,,,,,,,,,,,,,,,1,1,,5,,4,2,1,2,1,2,,,2,4,0,25,35,0,25,10,50,0,75,0,1,2
1,1,,,,,,,,,,,,,,,,,1,1,,,,,,1,3,,,4,1,2,2,2,2,2,,3,,3,11,9,13,28,,48,30,13,13,54,3,3
1,2,,,,,,,,,,,,,,,,,,1,,,,,,1,4,,,5,2,1,1,1,2,2,5,,,5,0,81,82,0,40,28,30,0,66,0,2,3
1,2,,,,,,,,,,,,,,,,,,1,,,,,,2,3,,4,,2,2,2,2,2,2,3,,,4,5,35,42,43,69,,55,2,51,54,3,3
1,2,2,1,,,,,,,,,,,,,,,,,,,,,,1,10,,,5,3,2,2,1,2,3,,,1,5,5,55,60,5,25,35,50,0,40,10,2,5
1,2,,,,,,,,,,,,,,,,,,,,1,,,,4,1,,4,,3,2,2,2,2,2,4,,,4,10,81,85,10,57,48,56,0,84,11,2,3
1,2,2,1,,,,,,,,,,,,,,,,,,,,,,2,6,,,5,4,2,1,1,2,1,,,1,5,0,48,58,0,20,80,59,0,85,0,2,4
1,2,,,,,,,,,,,,,,,,,1,1,,,1,,,2,6,,,5,4,1,1,2,3,1,,,2,5,2,29,31,3,12,40,53,0,40,0,3,5
1,1,,,,,,,,,,,,,,,,,,1,,,,,,2,10,,,5,2,2,1,1,2,2,4,,,5,15,70,85,35,65,50,55,15,80,35,2,3
1,1,,,,,,,,,,,,,,,,,,1,,,,,,2,10,,,5,2,1,1,1,2,3,,,1,5,0,55,28,18,,25,,0,,0,5,3
1,1,2,,,1,,,,,,,,,,,,,,,,,,,,2,10,,,4,2,2,2,2,2,2,,3,,4,30,46,34,7,36,34,52,8,34,30,3,4
1,2,,,,,,,,,,,,,,,,,,1,,,,,,1,10,,,5,3,2,2,2,1,2,,5,,4,0,0,0,0,0,0,0,0,0,0,2,4
1,1,1,1,,,,,,,,,,,,,,,,,,,,,,1,1,,5,,2,,,,,,,2,,4,0,20,71,6,63,25,82,0,92,0,3,3
1,1,,,,,,,,,,,,,,,,,,,,1,,,,4,1,,4,,2,2,2,2,2,2,4,,,5,12,35,82,12,18,71,41,78,39,80,2,3
1,2,,,,,,,,,,,,,,,,,,1,,,,,,2,10,,5,,2,1,1,1,1,2,,,2,5,0,80,85,0,60,61,,0,79,39,3,4
1,1,,,,,,,,,,,,,,,,,1,,,1,,,,2,1,,,5,4,2,1,2,2,1,,5,,5,0,40,65,0,58,55,75,0,40,20,2,4
1,1,1,,,,,,1,,,,,,,,,,,,,,,,,4,1,,,4,2,2,2,2,2,2,,2,,4,62,0,11,29,86,,,5,19,69,2,2
1,2,1,,,,,,1,,,,,,,,,,,,,,,,,4,1,,,5,3,2,1,1,1,2,,4,,5,0,57,68,0,25,22,65,0,35,0,2,4
1,1,,,,,,,,,,,,,,,,,,,,1,,,,4,1,,,5,2,2,1,2,2,1,,5,,5,0,80,90,0,40,30,70,0,90,5,2,4
1,1,2,,,1,,,,,,,,,,,,,,,,,,,,1,13,Indigenous,3,,2,1,1,1,2,2,3,,,4,33,60,60,8,,,80,15,,,2,3
1,1,1,1,,,,,,,,,,,,,,,,,,,,,,1,1,,,3,2,2,2,2,2,2,,3,,3,34,32,34,35,61,,,32,41,64,3,3
1,1,1,1,,,,,,,,,,,,,,,,,,,,,,1,1,,5,,4,1,1,1,2,2,,5,,5,0,65,100,0,,,,0,,27,2,4
1,1,2,,,,,,,,,,,,,,1,,,,,,,,,2,10,,5,,2,2,1,1,2,2,,4,,4,0,60,80,5,40,40,,0,,,2,3
1,1,,,,,,,,,,,,,,,,,,1,,,,,,1,3,,5,,2,3,1,1,2,3,,5,,5,0,,,0,35,30,55,0,20,0,3,4
1,1,,,,,,,,,,,,,,,,,,1,,,,,,2,4,,,5,1,2,2,2,2,2,,3,,5,26,52,51,37,,,,8,,,4,3
1,1,,,,,,,,,,,,,,,,,,1,,,,,,2,4,,4,,1,2,2,1,2,2,4,,,5,0,71,87,0,19,25,63,0,81,19,2,4
1,1,,,,,,,,,,,,,,,,,,1,,,,,,2,10,,5,,4,2,1,1,2,1,,3,,5,0,47,100,0,49,45,50,0,100,0,4,3
1,1,1,1,,,,,,,,,,,,,,,,,,,,,,1,1,,,5,4,2,1,2,2,2,,3,,2,0,90,80,5,10,40,65,0,92,5,2,5
1,1,2,,,,,,,,,,,,,,1,white,,,,,,,,2,3,,,3,3,2,2,2,2,2,3,,,4,50,40,20,20,50,50,50,70,15,55,2,2
1,1,1,1,,,,,,,,,,,,,,,,,,,,,,1,1,,,2,4,2,2,1,3,2,,2,,3,70,10,30,80,70,80,60,,20,25,2,3
1,1,3,,,,,,,,,,,,,,1,Mixed ,,,,,,,,1,4,,5,,4,2,1,1,1,1,5,,,5,0,40,65,0,18,32,,0,32,0,1,5
1,1,,,,,,,,,,,,,,,,,,1,,,,,,2,10,,,5,1,2,3,1,2,2,,3,,5,0,80,87,0,40,0,57,0,85,0,1,4
1,3,,,,,,,,,,,,,,,,,,1,,,,,,2,4,,,4,4,1,1,1,1,3,5,,,5,0,80,85,0,30,30,50,0,60,5,3,4
1,1,,,,,,,,,,,,,,,,,,1,,,,,,1,9,,5,,2,2,1,1,1,2,5,,,5,0,100,100,0,22,0,,0,100,0,2,2
1,1,3,1,,,,,,,,,,,,,,,,,,,,,,1,11,,5,,3,1,2,2,1,2,,,1,5,0,0,0,0,5,0,30,0,0,0,2,5
1,1,,,,,,,,,,,,,,,,,,,,1,,,1,4,1,,,4,1,1,1,2,2,2,4,,,4,0,71,75,0,63,61,,0,80,15,2,5
1,2,1,,,,,,,,,,,,,,1,Middle eastern,,,,,,,,6,1,,,5,2,2,1,1,1,1,,,2,4,,,,,,,,,,,4,4
1,1,,,,,,,,,,,,,,,,,,,,1,,,,4,,,,,,,,,,,,,,,,,,,,,,,,,,
1,2,,,,,,,,,,,,,,,,,,,,,,,,,,,,,,,,,,,,,,,,,,,,,,,,,,
1,1,,,,,,,,,,,,,,,,,,,,1,,,,4,1,,,,,,,,,,,,,,,,,,,,,,,,,
1,1,,,,,,,,,,,,,,,,,1,,,,,,,,,,,,,,,,,,,,,,,,,,,,,,,,,
1,,,,,,,,,,,,,,,,,,,,,,,,,,,,,,,,,,,,,,,,,,,,,,,,,,,
1,,,,,,,,,,,,,,,,,,,,,,,,,,,,,,,,,,,,,,,,,,,,,,,,,,,
1,1,,,,,,,,,,,,,,,,,,,,,,,,,,,,,,,,,,,,,,,,,,,,,,,,,,
1,,,,,,,,,,,,,,,,,,,,,,,,,,,,,,,,,,,,,,,,,,,,,,,,,,,
1,1,,,,,,,,,,,,,,,,,,,,1,,,,,,,,,,,,,,,,,,,,,,,,,,,,,,
1,3,,,,,,,,,,,,,,,,,,1,,,,,,2,10,,,,,,,,,,,,,,,,,,,,,,,,,
1,2,,,,,,,,,,,,,,,,,,1,,,,,,2,10,,5,,1,2,2,2,2,2,,,1,5,0,,,0,,,,,,,,
1,1,,,,,,,,,,,,,,,,,,,,,1,,,5,1,,,1,2,3,,3,2,3,,,4,2,,,,,,,,,,,2,3
1,1,,,,,,,,,,,,,,,,,,,,,,,,,,,,,,,,,,,,,,,,,,,,,,,,,,
1,1,2,,,,,,,,,,,,,,,,,,,,,,,,,,,,,,,,,,,,,,,,,,,,,,,,,
1,1,,,,,,,,,,,,,,,,,,,,1,,,,2,1,,,4,1,2,2,2,2,2,3,,,3,10,,65,5,40,15,50,0,75,35,,4
1,2,,,,,,,,,,,,,,,,,,1,,,,,,2,8,,,,,,,,,,,,,,,,,,,,,,,,,